sublemma,lemma,occurence_count,document_count
False,seadus,3005,2989
False,seadu,2989,2989
False,ja,1178,918
True,vaba,616,338
False,vabariik,584,338
False,ratifitseerimine,472,469
True,maksu,374,373
False,Eesti,370,330
False,eesti,363,324
True,riigi,299,293
False,seadustik,274,271
False,konventsioon,243,229
False,valitsus,229,121
False,leping,225,208
False,vaheline,223,209
False,Euroopa,221,174
False,euroopa,221,174
True,kindlustus,217,217
False,ning,166,159
False,riigilõivuseadus,161,161
True,lõivu,161,161
True,rahvus,148,144
True,elektri,143,143
False,protokoll,141,134
False,rahvusvaheline,139,135
False,ühinemine,135,134
False,maksukorraldus,129,129
False,see,114,109
False,tulumaksuseadus,113,113
True,aktsiis,112,112
False,kaitse,109,109
False,tubakas,108,108
False,alkohol,107,107
False,elektriaktsiis,107,107
False,kaits,107,107
False,kütus,107,107
False,tõkestamine,107,103
True,kriminaal,106,106
False,protokolli,104,99
False,aasta,102,85
False,tsiviilkohtumenetlus,99,99
True,turu,99,99
True,välis,93,90
False,vältimine,84,81
False,maks,83,78
False,kriminaalmenetlus,81,81
False,sotsiaalhoolekanne,81,81
True,hoole,81,81
True,kanne,81,81
False,topeltmaksustamine,81,78
True,topelt,81,78
True,ravi,79,79
False,ravikindlustus,78,78
True,mere,76,71
False,sell,75,74
False,hoidumine,75,72
True,koos,75,72
False,korraldamine,73,73
True,karistus,73,73
False,kokkulepe,73,71
False,toetus,72,72
False,sotsiaalmaksuseadus,71,71
False,tööturuteenus,70,70
False,koht,70,66
False,kohta,70,66
True,turg,69,69
False,liit,69,61
False,riiklik,67,66
True,krediidi,66,66
True,piiri,64,63
False,krediidiasutus,63,63
True,väärt,63,63
True,põhi,63,62
False,tervishoiuteenus,61,61
True,hoiu,61,61
True,vee,61,61
True,liiklus,60,60
False,väärtpaberiturg,59,59
True,paberi,59,59
True,keskkonna,58,50
False,karistusseadustik,56,56
True,valve,55,54
True,kuning,54,36
True,relva,53,52
True,eel,52,51
False,kogumispension,51,51
True,kogumis,51,51
True,arve,51,50
False,kuningriik,51,36
False,liiklusseadus,49,49
False,vahe,49,47
False,vahel,49,47
False,muutmine,48,48
False,rakendamine,48,47
False,ravimiseadus,47,47
False,täitemenetlus,47,47
False,äriseadustik,47,47
True,ravimi,47,47
True,täite,47,47
False,kohalik,46,45
False,kohus,45,45
False,kohtu,44,44
False,veeseadus,44,44
True,põllu,44,39
False,käsitlev,43,42
False,omavalitsus,43,42
True,oma,43,42
False,pool,43,30
False,korraldus,42,42
False,piirivalve,42,42
False,politsei,42,42
False,relvaseadus,42,42
False,tema,42,40
False,tulumaks,42,40
True,sõidu,42,35
False,käibemaksuseadus,41,41
False,pensionikindlustus,41,41
False,välismaalane,41,41
True,käibe,41,41
True,maalane,41,41
True,pensioni,41,41
True,väe,41,41
False,tulu,41,40
False,riik,41,39
False,poolt,41,28
False,sõlmi,40,38
False,sõlmitu,40,38
False,sõlmitud,40,38
False,isik,39,39
False,tööleping,39,39
True,pere,39,39
True,vedel,39,39
False,töötuskindlustus,38,38
False,vedelkütus,38,38
True,haldus,38,38
True,töötus,38,38
False,Läti,38,36
False,läti,38,36
True,era,37,37
True,kapitali,37,36
True,investeerimis,37,33
False,kindlustustegevus,36,36
False,vastastikune,36,36
False,kapitalimaks,36,35
False,kaitseväeteenistus,35,35
True,kool,35,35
False,Leedu,35,33
False,leedu,35,33
True,kooli,34,34
True,perekonna,34,34
True,tolli,34,34
True,õhk,34,34
False,juur,33,33
False,juurde,33,33
False,kuuluv,33,33
False,ohutus,33,33
False,riigieelarve,33,33
False,notariaadiseadus,32,32
True,notariaadi,32,32
False,jäätmeseadus,30,30
True,jäätme,30,30
False,liikmesriik,30,29
True,liikmes,30,29
False,avalik,29,29
False,elektrituruseadus,29,29
False,elektrooniline,29,29
False,keskkonnatasu,29,29
False,side,29,29
True,üld,29,29
False,koostöö,29,28
True,elu,29,27
False,heakskiitmine,28,28
False,meresõiduohutus,28,28
False,muudatus,28,28
False,nõukogu,28,28
True,heaks,28,28
True,kiitmine,28,28
False,nr,28,23
False,terrorism,27,27
False,organisatsioon,27,26
False,gümnaasiumiseadus,26,26
False,investeering,26,26
False,perehüvitis,26,26
False,põhikool,26,26
False,soodustamine,26,26
True,gümnaasiumi,26,26
True,seisu,26,26
True,võla,26,26
True,üle,26,26
False,ühine,26,25
True,ühis,26,25
False,võlaõigusseadus,25,25
False,lisaprotokoll,25,24
False,ühendus,25,20
False,erakooliseadus,24,24
False,perekonnaseisutoiming,24,24
False,rahastamine,24,24
False,riigikogu,24,24
False,üldosa,24,24
True,toiming,24,24
True,raamatu,24,23
False,tolliseadus,23,23
True,ehitus,23,23
False,teine,23,21
True,finants,23,21
False,rahapesu,22,22
False,teenistus,22,22
True,laenu,22,22
True,pesu,22,22
True,taime,22,22
True,tubaka,22,22
False,prokuratuuriseadus,21,21
False,tubakaseadus,21,21
True,lennundus,21,21
True,prokuratuuri,21,21
False,põhikiri,21,20
False,laenuleping,20,20
True,õppe,20,12
False,kasutamine,19,19
False,taimekaitseseadus,19,19
False,tööohutus,19,19
False,töötervishoid,19,19
True,ameti,19,19
True,hoid,19,19
True,teo,19,19
False,või,19,16
True,energia,19,16
False,dokument,18,18
False,halduskohtumenetlus,18,18
False,laev,18,18
True,arengu,18,18
True,olu,18,18
True,pankroti,18,18
True,sfääri,18,18
True,turva,18,18
False,Soome,18,17
False,soome,18,17
False,vabakaubandusleping,18,16
False,atmosfääriõhk,17,17
False,investeerimisfond,17,17
False,lennundusseadus,17,17
False,turvaseadus,17,17
False,valimine,17,17
False,vangistusseadus,17,17
False,välisõhk,17,17
False,väärteomenetlus,17,17
True,atmo,17,17
True,looma,17,17
True,piir,17,17
True,raud,17,17
True,väär,17,17
True,ühend,17,17
False,investeerimispank,17,15
True,inim,17,13
False,karistusregister,16,16
False,majandustegevus,16,16
False,pankrotiseadus,16,16
False,õigusabi,16,16
True,hasart,16,16
True,mängu,16,16
True,re,16,16
False,staatus,16,15
True,õhu,16,15
False,arengupank,15,15
False,hädaolukord,15,15
False,kaitseliit,15,15
False,kohtutäitur,15,15
False,kord,15,15
False,maagaasiseadus,15,15
False,rahvas,15,15
False,tööorganisatsioon,15,15
False,võtmine,15,15
True,gaasi,15,15
True,häda,15,15
True,täitur,15,15
False,balti,15,14
False,Rootsi,14,14
False,asjaõigusseadus,14,14
False,finantsinspektsioon,14,14
False,hasartmänguseadus,14,14
False,kinnistusraamatuseadus,14,14
False,lisaeelarve,14,14
False,rootsi,14,14
False,sadamaseadus,14,14
True,asja,14,14
True,asutamis,14,14
True,inspektsioon,14,14
True,kinnistus,14,14
True,sadama,14,14
False,Taani,14,13
False,asutamine,14,13
False,taani,14,13
False,teadus,14,13
True,suur,14,11
False,Laeva,13,13
False,asutus,13,13
False,kaup,13,13
False,lõpetamine,13,13
False,rahvastikuregister,13,13
False,rekonstrueerimis,13,13
False,tunnustamine,13,13
False,tõendav,13,13
False,õigus,13,13
False,ühinenu,13,13
False,ühinenud,13,13
False,üks,13,13
True,konstrueerimis,13,13
True,laeva,13,13
True,mitme,13,13
True,rahvastiku,13,13
True,üli,13,13
False,Poola,13,12
False,piiriülene,13,12
False,poola,13,12
True,ülene,13,12
True,eba,13,11
False,föderatsioon,13,9
True,korteri,13,8
False,alune,12,12
False,alus,12,12
False,e-raha,12,12
False,ehitusseadus,12,12
False,kanalisatsioon,12,12
False,laevaregister,12,12
False,liige,12,12
False,lipuõigus,12,12
False,makseasutus,12,12
False,osalemine,12,12
False,president,12,12
False,raudteeseadus,12,12
False,riigihange,12,12
False,seotu,12,12
False,seotud,12,12
False,sidu,12,12
False,välisriik,12,12
False,ühisveevärk,12,12
True,hange,12,12
True,lipu,12,12
True,lõhke,12,12
True,värk,12,12
False,aine,12,11
True,põhja,12,11
True,seis,12,10
False,vene,12,8
True,britannia,12,6
False,ILO,11,11
False,asutamisleping,11,11
False,ehitusseadustik,11,11
False,halduskoostöö,11,11
False,kalapüügiseadus,11,11
False,lõhkematerjaliseadus,11,11
False,riigipiir,11,11
False,toiduseadus,11,11
False,õiguskantsler,11,11
False,ühendriik,11,11
True,alkoholi,11,11
True,kantsler,11,11
True,kutse,11,11
True,materjali,11,11
True,poliitika,11,11
True,posti,11,11
True,püügi,11,11
True,rahva,11,11
True,saladus,11,11
True,toidu,11,11
False,Norra,11,10
False,Põhja-Atlandi,11,10
False,norra,11,10
False,põhjamaa,11,10
True,kaug,11,10
False,endine,11,9
True,ees,11,9
False,laps,11,8
False,Ameerika,10,10
False,alkoholiseadus,10,10
False,ameerika,10,10
False,audiitortegevus,10,10
False,inimene,10,10
False,maamaksuseadus,10,10
False,nõue,10,10
False,parlament,10,10
False,perekonnaseadus,10,10
False,peretoetus,10,10
False,represseeri,10,10
False,represseeritu,10,10
False,represseeritud,10,10
False,riigisaladus,10,10
False,sotsiaalkindlustusleping,10,10
False,söödaseadus,10,10
False,toode,10,10
True,audiitor,10,10
True,julge,10,10
True,režiim,10,10
True,sööda,10,10
False,Ungari,10,9
False,hindamine,10,9
False,inimõigus,10,9
False,lisa,10,9
False,ungari,10,9
True,järele,10,9
True,patendi,10,9
False,Itaalia,10,8
False,itaalia,10,8
True,saaste,10,8
True,täis,10,5
False,Austria,9,9
False,Läänemeri,9,9
False,NSV,9,9
False,Ukraina,9,9
False,abieluvararegister,9,9
False,advokatuuriseadus,9,9
False,austria,9,9
False,denonsseerimine,9,9
False,erastamine,9,9
False,kaitsevägi,9,9
False,kodanik,9,9
False,kriminaalasi,9,9
False,loomakaitseseadus,9,9
False,muu,9,9
False,ohvriabi,9,9
False,okupatsioonirežiim,9,9
False,puue,9,9
False,päästeteenistus,9,9
False,põllumajanduspoliitika,9,9
False,too,9,9
False,tuleohutus,9,9
False,töökord,9,9
False,ukraina,9,9
False,ülikooliseadus,9,9
True,Lääne,9,9
True,advokatuuri,9,9
True,aeg,9,9
True,eri,9,9
True,garantii,9,9
True,konsulaar,9,9
True,kütte,9,9
True,mitte,9,9
True,ohvri,9,9
True,okupatsiooni,9,9
True,oleku,9,9
True,spordi,9,9
True,transpordi,9,9
True,tulundus,9,9
True,tuuma,9,9
True,veterinaar,9,9
False,maaelu,9,8
False,territoorium,9,8
False,tšehh,9,8
False,tšehhi,9,8
True,jõud,9,8
True,kultuuri,9,8
True,levi,9,8
False,ajutine,8,8
False,artikkel,8,8
False,biotsiidiseadus,8,8
False,euro,8,8
False,garantiileping,8,8
False,isikuandmed,8,8
False,julgeolekuasutus,8,8
False,kasutus,8,8
False,keelustamine,8,8
False,keskkond,8,8
False,käitlemine,8,8
False,liitvabariik,8,8
False,loomatauditõrje,8,8
False,maaparandusseadus,8,8
False,maapõueseadus,8,8
False,mis,8,8
False,määrus,8,8
False,mõistmine,8,8
False,paljundamine,8,8
False,riigikontroll,8,8
False,salasta,8,8
False,salastatu,8,8
False,salastatud,8,8
False,sotsiaaltoetus,8,8
False,töötaja,8,8
False,vara,8,8
False,välisteave,8,8
False,õppelaen,8,8
False,õppetoetus,8,8
False,ühistranspordiseadus,8,8
True,aatomi,8,8
True,biotsiidi,8,8
True,isiku,8,8
True,korra,8,8
True,kuri,8,8
True,metsa,8,8
True,poolne,8,8
True,põue,8,8
True,sordi,8,8
True,taudi,8,8
True,tele,8,8
False,ebaseaduslik,8,7
False,järelevalve,8,7
False,kauglevi,8,7
False,prantsuse,8,7
False,tegevus,8,7
True,seaduslik,8,7
False,Island,8,6
False,islandi,8,6
False,koosseis,8,6
False,põllumajandus,8,6
False,Luksemburg,7,7
False,Saksamaa,7,7
False,ametipalk,7,7
False,andmine,7,7
False,eesõigus,7,7
False,elektriohutusseadus,7,7
False,geneetiline,7,7
False,kaubandus,7,7
False,keeleseadus,7,7
False,konsulaarseadus,7,7
False,kude,7,7
False,lahendamine,7,7
False,luksemburgi,7,7
False,lõppakt,7,7
False,masin,7,7
False,memorandum,7,7
False,metsaseadus,7,7
False,mitmepoolne,7,7
False,nõustumine,7,7
False,puutumatus,7,7
False,päästeseadus,7,7
False,põllumajandusloom,7,7
False,saksamaa,7,7
False,siirdamine,7,7
False,sissesõidukeeld,7,7
False,sordikaitse,7,7
False,spordiseadus,7,7
False,suurhertsogiriik,7,7
False,taim,7,7
False,tsiviilseadustik,7,7
False,töö,7,7
False,vastavus,7,7
False,veterinaarkorraldus,7,7
False,väljasõidukohustus,7,7
False,õhusaaste,7,7
False,üleandmine,7,7
False,ülemaailmne,7,7
True,Saksa,7,7
True,hertsogi,7,7
True,ilmne,7,7
True,info,7,7
True,jahi,7,7
True,keele,7,7
True,lõpp,7,7
True,metall,7,7
True,pakendi,7,7
True,raam,7,7
True,ring,7,7
False,Rumeenia,7,6
False,Sloveenia,7,6
False,arendamine,7,6
False,kahi,7,6
False,kahju,7,6
False,kongress,7,6
False,last,7,6
False,pataljon,7,6
False,rumeenia,7,6
False,slovaki,7,6
False,slovakk,7,6
False,sloveenia,7,6
False,Šveits,7,6
False,šveitsi,7,6
True,reostus,7,5
True,sund,7,5
False,kosmoseagentuur,7,3
True,kosmose,7,3
False,Estonia,6,6
False,Haag,6,6
False,Hispaania,6,6
False,Suurbritannia,6,6
False,aatomienergiaühendus,6,6
False,abi,6,6
False,abipolitseinik,6,6
False,arendustegevus,6,6
False,aretus,6,6
False,eest,6,6
False,eksport,6,6
False,eksporti,6,6
False,elund,6,6
False,ennetamine,6,6
False,eraõigus,6,6
False,esi,6,6
False,fond,6,6
False,geneetiliselt,6,6
False,haagi,6,6
False,haak,6,6
False,haaki,6,6
False,hispaania,6,6
False,jahiseadus,6,6
False,kodu,6,6
False,kohtuekspertiisiseadus,6,6
False,kohtumenetlus,6,6
False,kompenseerimine,6,6
False,koodeks,6,6
False,korrakaitseseadus,6,6
False,korteriühistuseadus,6,6
False,küttegaas,6,6
False,liikluskindlustus,6,6
False,loomine,6,6
False,maa,6,6
False,maailm,6,6
False,meediateenus,6,6
False,meretöö,6,6
False,mittetulundusühing,6,6
False,muinsuskaitseseadus,6,6
False,muunda,6,6
False,muundatu,6,6
False,muundatud,6,6
False,noorsootöö,6,6
False,notar,6,6
False,omand,6,6
False,pakendiseadus,6,6
False,planeerimisseadus,6,6
False,postiliit,6,6
False,põhivabadus,6,6
False,raamatupidamine,6,6
False,rakk,6,6
False,reguleerimine,6,6
False,riigikaitse,6,6
False,riigivaraseadus,6,6
False,strateegiline,6,6
False,suurbritannia,6,6
False,sõprus,6,6
False,teenus,6,6
False,teeseadus,6,6
False,tsiviil,6,6
False,täitmine,6,6
False,töövõimetoetus,6,6
False,vastane,6,6
False,vastutus,6,6
False,väetiseseadus,6,6
False,vägivald,6,6
False,välisteenistus,6,6
False,väljaandmine,6,6
True,Suur,6,6
True,ekspertiisi,6,6
True,ette,6,6
True,ilm,6,6
True,kauba,6,6
True,kinnis,6,6
True,laste,6,6
True,lennu,6,6
True,meedia,6,6
True,muinsus,6,6
True,nime,6,6
True,noor,6,6
True,politseinik,6,6
True,reform,6,6
True,relv,6,6
True,ruum,6,6
True,soo,6,6
True,väetise,6,6
True,võime,6,6
False,Bulgaaria,6,5
False,Horvaatia,6,5
False,Küpros,6,5
False,Malta,6,5
False,Montreal,6,5
False,bioloogiline,6,5
False,bulgaaria,6,5
False,horvaatia,6,5
False,keskkonnamõju,6,5
False,konverents,6,5
False,küprose,6,5
False,malta,6,5
False,programm,6,5
False,programmi,6,5
False,relvajõud,6,5
False,ühtne,6,5
True,hooldus,6,5
True,kõrg,6,5
True,mõju,6,5
True,ülem,6,5
True,lahendus,6,4
False,Belgia,5,5
False,Kanada,5,5
False,Kreeka,5,5
False,Moldova,5,5
False,Türgi,5,5
False,alane,5,5
False,ametihüve,5,5
False,areng,5,5
False,belgia,5,5
False,eluruum,5,5
False,erimärgistamine,5,5
False,font,5,5
False,haridusseadus,5,5
False,hüvitamine,5,5
False,immuniteet,5,5
False,intellektuaalne,5,5
False,kalandusturg,5,5
False,kanada,5,5
False,kinnisasi,5,5
False,kohaldatav,5,5
False,kohustus,5,5
False,korteriomand,5,5
False,kreeka,5,5
False,köistee,5,5
False,lift,5,5
False,merealapiir,5,5
False,meresõit,5,5
False,moldova,5,5
False,muut,5,5
False,määramine,5,5
False,organism,5,5
False,piiramine,5,5
False,postiseadus,5,5
False,privileeg,5,5
False,põhiseaduslikkus,5,5
False,põllumajandustoode,5,5
False,põllumajandusturg,5,5
False,raamkonventsioon,5,5
False,rahuaeg,5,5
False,reklaamiseadus,5,5
False,sihtasutus,5,5
False,siss,5,5
False,sisse,5,5
False,surveseade,5,5
False,tagamine,5,5
False,tagastamine,5,5
False,tasu,5,5
False,teave,5,5
False,täiskasvanu,5,5
False,täiskasvanud,5,5
False,türgi,5,5
False,vastu,5,5
False,viimine,5,5
False,volikogu,5,5
False,väljavedu,5,5
False,väärismetalltoode,5,5
False,õigussuhe,5,5
False,ühtlustamine,5,5
False,üksus,5,5
True,hüve,5,5
True,kasvanu,5,5
True,kasvanud,5,5
True,kommunikatsiooni,5,5
True,köis,5,5
True,linna,5,5
True,lääne,5,5
True,meditsiini,5,5
True,märgi,5,5
True,märgistamine,5,5
True,olek,5,5
True,palga,5,5
True,rakendus,5,5
True,reisi,5,5
True,reklaami,5,5
True,seaduslikkus,5,5
True,siht,5,5
True,sõit,5,5
True,turismi,5,5
True,voli,5,5
True,vääris,5,5
True,väärtus,5,5
False,Singapur,5,4
False,haridus,5,4
False,komisjon,5,4
False,kultuur,5,4
False,käiv,5,4
False,kõrgem,5,4
False,peakorter,5,4
False,põhjusta,5,4
False,põhjustatu,5,4
False,põhjustatud,5,4
False,töötingimus,5,4
True,aastane,5,4
True,pea,5,4
True,varu,5,4
False,Albaania,4,4
False,Genf,4,4
False,Gruusia,4,4
False,Hiina,4,4
False,Kyoto,4,4
False,Madalmaad,4,4
False,Pariis,4,4
False,Portugal,4,4
False,albaania,4,4
False,ametinimetus,4,4
False,assotsieerimisleping,4,4
False,assotsieerumisleping,4,4
False,autoveoseadus,4,4
False,erakorraline,4,4
False,genfi,4,4
False,gruusia,4,4
False,hiina,4,4
False,isikkoosseis,4,4
False,jäätmed,4,4
False,kaevandamisseadus,4,4
False,kahandav,4,4
False,kaotamine,4,4
False,karista,4,4
False,karistatu,4,4
False,karistatud,4,4
False,kaubandustegevus,4,4
False,kauplemine,4,4
False,kemikaaliseadus,4,4
False,kohtulik,4,4
False,konföderatsioon,4,4
False,koolitus,4,4
False,korral,4,4
False,korruptsioon,4,4
False,kriminaalhooldusseadus,4,4
False,kultuuriväärtus,4,4
False,kuritegevus,4,4
False,kutseõppeasutus,4,4
False,lennuliiklus,4,4
False,levik,4,4
False,linnaeelarve,4,4
False,läänemere,4,4
False,lõige,4,4
False,lõik,4,4
False,mahepõllumajandus,4,4
False,majanduspiirkond,4,4
False,maksupettus,4,4
False,meditsiiniseade,4,4
False,mõõteseadus,4,4
False,narkootiline,4,4
False,nimeseadus,4,4
False,omandamine,4,4
False,osa,4,4
False,osaline,4,4
False,osoonikiht,4,4
False,otsus,4,4
False,palgaastmestik,4,4
False,pank,4,4
False,pariisi,4,4
False,pension,4,4
False,periood,4,4
False,portugali,4,4
False,psühhotroopne,4,4
False,puudutav,4,4
False,pärimisseadus,4,4
False,põhiseadus,4,4
False,raha,4,4
False,rahvavabariik,4,4
False,rahvusringhääling,4,4
False,register,4,4
False,registreerimine,4,4
False,registri,4,4
False,riigikaitseseadus,4,4
False,riigiteenistuja,4,4
False,sanktsioon,4,4
False,singapuri,4,4
False,suhe,4,4
False,suhtes,4,4
False,tarbijakaitseseadus,4,4
False,telekommunikatsioon,4,4
False,teos,4,4
False,tingimus,4,4
False,toetamine,4,4
False,toim,4,4
False,toime,4,4
False,toimimine,4,4
False,turismiseadus,4,4
False,täiendav,4,4
False,tõestamisseadus,4,4
False,vald,4,4
False,valla,4,4
False,vastuvõtmine,4,4
False,väärtpaber,4,4
False,võitlemine,4,4
False,ÜRO,4,4
False,õhuvedu,4,4
False,üldkokkulepe,4,4
True,Madal,4,4
True,alla,4,4
True,assotsieerimis,4,4
True,assotsieerumis,4,4
True,astmestik,4,4
True,auto,4,4
True,distsiplinaar,4,4
True,graafiline,4,4
True,hääling,4,4
True,juhtimis,4,4
True,kaas,4,4
True,kaevandamis,4,4
True,kemikaali,4,4
True,kiht,4,4
True,kommunikatsioon,4,4
True,korraline,4,4
True,maad,4,4
True,mahe,4,4
True,muutmis,4,4
True,mõõte,4,4
True,osooni,4,4
True,paber,4,4
True,pandi,4,4
True,pettus,4,4
True,porno,4,4
True,praam,4,4
True,psühho,4,4
True,pärimis,4,4
True,püsi,4,4
True,sõja,4,4
True,tarbija,4,4
True,tava,4,4
True,teenistuja,4,4
True,troopne,4,4
True,tõestamis,4,4
True,usaldus,4,4
True,vahetus,4,4
True,veo,4,4
True,väline,4,4
True,võrk,4,4
True,võtlus,4,4
False,Valgevene,4,3
False,kinnitamine,4,3
False,liitumiseelne,4,3
False,ohustav,4,3
False,parandus,4,3
False,partnerlus,4,3
False,rahastusleping,4,3
False,valgevene,4,3
True,Valge,4,3
True,büroo,4,3
True,fono,4,3
True,liitumis,4,3
True,mehhanism,4,3
True,rahastus,4,3
True,valge,4,3
False,NATO,4,2
False,energiaharta,4,2
True,kriisi,4,2
True,nafta,4,2
False,-,3,3
False,Cotonou,3,3
False,EL,3,3
False,EÜ,3,3
False,Holland,3,3
False,Iirimaa,3,3
False,Jaapan,3,3
False,Põhja-Iiri,3,3
False,Põhja-Iirimaa,3,3
False,akt,3,3
False,ala,3,3
False,allakirjutatud,3,3
False,arestimine,3,3
False,automatiseeri,3,3
False,automatiseeritu,3,3
False,automatiseeritud,3,3
False,autoriõigus,3,3
False,avastamine,3,3
False,deklaratsioon,3,3
False,detsember,3,3
False,distsiplinaarvastutus,3,3
False,eraldamine,3,3
False,ettevõtlus,3,3
False,füüsiline,3,3
False,hankimine,3,3
False,hollandi,3,3
False,hävitamine,3,3
False,hüvitis,3,3
False,iirimaa,3,3
False,import,3,3
False,importi,3,3
False,jaapani,3,3
False,julmus,3,3
False,juriidiline,3,3
False,juuni,3,3
False,jälitustegevus,3,3
False,järv,3,3
False,kaasamine,3,3
False,kahjustav,3,3
False,kaitsekolledž,3,3
False,kasulik,3,3
False,kasutatav,3,3
False,katastroof,3,3
False,kaubamärgiseadus,3,3
False,kaubanduslik,3,3
False,kaugkütteseadus,3,3
False,kehtestamine,3,3
False,keskkonnainfo,3,3
False,keskkonnavastutus,3,3
False,kiirgusseadus,3,3
False,kitsendamine,3,3
False,kliimamuutus,3,3
False,kohaldamine,3,3
False,kohtlemine,3,3
False,kohtulikult,3,3
False,kohtuväline,3,3
False,kollektiivne,3,3
False,kolmas,3,3
False,kommertspandiseadus,3,3
False,konkurentsiseadus,3,3
False,kontroll,3,3
False,kontrolli,3,3
False,kooskõlastamine,3,3
False,koostööleping,3,3
False,korruptsioonivastane,3,3
False,kriminaalkohus,3,3
False,kriminaalõiguslik,3,3
False,kutsekvalifikatsioon,3,3
False,kutseseadus,3,3
False,kõrvaldamine,3,3
False,küsimus,3,3
False,laekuv,3,3
False,laht,3,3
False,lastekaitseseadus,3,3
False,lihtsusta,3,3
False,lihtsustatu,3,3
False,lihtsustatud,3,3
False,looduskaitseseadus,3,3
False,loomeliit,3,3
False,loovisik,3,3
False,läheta,3,3
False,lähetatu,3,3
False,lähetatud,3,3
False,maakatastriseadus,3,3
False,maksmine,3,3
False,merekeskkond,3,3
False,mereõigus,3,3
False,mitmeaastane,3,3
False,mitmekesisus,3,3
False,moodustamine,3,3
False,mudel,3,3
False,muude,3,3
False,muutmisdokument,3,3
False,nimetatav,3,3
False,ohtlik,3,3
False,ohutu,3,3
False,organiseeri,3,3
False,organiseeritu,3,3
False,organiseeritud,3,3
False,osalev,3,3
False,patendiseadus,3,3
False,patent,3,3
False,piirikontroll,3,3
False,piiriveekogu,3,3
False,piirkond,3,3
False,pornograafiline,3,3
False,positsioon,3,3
False,propageeriv,3,3
False,purustav,3,3
False,põhjus,3,3
False,pöördumine,3,3
False,rahvahääletus,3,3
False,rahvatervis,3,3
False,rakenduskõrgkool,3,3
False,raudteevedu,3,3
False,reegel,3,3
False,reisipraam,3,3
False,relvakonflikt,3,3
False,riigiametnik,3,3
False,riigilipp,3,3
False,riigiteenija,3,3
False,riigivapp,3,3
False,riigivastutus,3,3
False,riikidevaheline,3,3
False,saar,3,3
False,seade,3,3
False,sissevedu,3,3
False,sisu,3,3
False,statuut,3,3
False,struktuuritoetus,3,3
False,surm,3,3
False,surma,3,3
False,säilitamine,3,3
False,sõjaline,3,3
False,tavarelv,3,3
False,teatav,3,3
False,tege,3,3
False,telekommunikatsiooniseadus,3,3
False,tootmine,3,3
False,tsiviillennundus,3,3
False,tsiviilvastutus,3,3
False,tulevane,3,3
False,tulundusühistuseadus,3,3
False,tunnistajakaitse,3,3
False,tunnistamine,3,3
False,tuvastamine,3,3
False,tööstusomand,3,3
False,töötamisõigus,3,3
False,töötlemine,3,3
False,vabastamine,3,3
False,valuutafond,3,3
False,varumine,3,3
False,vägi,3,3
False,vähendamine,3,3
False,välissuhtlemisseadus,3,3
False,võõranda,3,3
False,võõrandatu,3,3
False,võõrandatud,3,3
False,äriregister,3,3
False,õhuseirevõrk,3,3
False,õigusvastaselt,3,3
False,ühenda,3,3
False,ühendatu,3,3
False,ühendatud,3,3
False,ühendkuningriik,3,3
False,ülemäärane,3,3
True,autori,3,3
True,bio,3,3
True,graafia,3,3
True,grammi,3,3
True,heit,3,3
True,hääletus,3,3
True,häälingu,3,3
True,jala,3,3
True,jälitus,3,3
True,katastri,3,3
True,kesisus,3,3
True,kesk,3,3
True,kiirgus,3,3
True,kirjutatud,3,3
True,kliima,3,3
True,kolledž,3,3
True,kommerts,3,3
True,konflikt,3,3
True,konkurentsi,3,3
True,koondis,3,3
True,korruptsiooni,3,3
True,kunsti,3,3
True,kvalifikatsioon,3,3
True,kätte,3,3
True,kõlastamine,3,3
True,kütuse,3,3
True,lepitus,3,3
True,loome,3,3
True,loov,3,3
True,mikro,3,3
True,muutus,3,3
True,määrane,3,3
True,omandi,3,3
True,pidamis,3,3
True,pärand,3,3
True,riikide,3,3
True,rikkumine,3,3
True,satelliit,3,3
True,sise,3,3
True,struktuuri,3,3
True,suhtlemis,3,3
True,teabe,3,3
True,teenija,3,3
True,tehnoloogia,3,3
True,tervise,3,3
True,tunnistaja,3,3
True,täht,3,3
True,töötamis,3,3
True,valuuta,3,3
True,vapp,3,3
True,vastaselt,3,3
True,võrd,3,3
True,ülal,3,3
False,esinda,3,2
False,kes,3,2
False,liidunõukogu,3,2
False,tehnoloogia-alane,3,2
True,avarii,3,2
True,liidu,3,2
True,organ,3,2
False,omanik,3,1
False,AB,2,2
False,Araabia,2,2
False,Atlandi,2,2
False,Austraalia,2,2
False,Bosnia-Hertsegoviina,2,2
False,Cartage,2,2
False,Cartagena,2,2
False,EAEC,2,2
False,EFTA,2,2
False,Hongkong,2,2
False,IX,2,2
False,Iiri,2,2
False,India,2,2
False,Kasahstan,2,2
False,Kirde-Atlandi,2,2
False,Lissabon,2,2
False,Ltd,2,2
False,Makedoonia,2,2
False,Montenegro,2,2
False,Nagoya,2,2
False,Narva,2,2
False,Rooma,2,2
False,Serbia,2,2
False,Svensk,2,2
False,Tai,2,2
False,Tallinn,2,2
False,VIII,2,2
False,Vietnam,2,2
False,Viin,2,2
False,XII,2,2
False,aatomienergiaagentuur,2,2
False,alaealine,2,2
False,alandav,2,2
False,alusetu,2,2
False,alusetult,2,2
False,ametiühing,2,2
False,andmekogu,2,2
False,araabia,2,2
False,arhiiviseadus,2,2
False,arvelevõtmine,2,2
False,arvessevõtmine,2,2
False,asi,2,2
False,asutamiskonventsioon,2,2
False,atlandi,2,2
False,atlant,2,2
False,august,2,2
False,austraalia,2,2
False,avaldus,2,2
False,bakterioloogiline,2,2
False,biomeditsiin,2,2
False,direktiiv,2,2
False,diskrimineerimine,2,2
False,ebaaus,2,2
False,ebainimlik,2,2
False,edastamine,2,2
False,energiatõhusus,2,2
False,erakonnaseadus,2,2
False,eraõiguslik,2,2
False,esindaja,2,2
False,esitamine,2,2
False,etendusasutus,2,2
False,fakultatiivne,2,2
False,fakultatiivprotokoll,2,2
False,filmialane,2,2
False,finantsabi,2,2
False,finantseerimisleping,2,2
False,fonogrammitootja,2,2
False,fääri,2,2
False,garanteerimine,2,2
False,haldusjaotus,2,2
False,haldusreform,2,2
False,harta,2,2
False,hasartmängumaks,2,2
False,hoius,2,2
False,hongkongi,2,2
False,hoone,2,2
False,hooneühistuseadus,2,2
False,hüdrograafiaorganisatsioon,2,2
False,iiri,2,2
False,india,2,2
False,inimväärikus,2,2
False,intress,2,2
False,invaliidsus,2,2
False,investeerimispangas,2,2
False,jaanuar,2,2
False,jalaväerühm,2,2
False,jalgpallivõistlus,2,2
False,juhtimissüsteem,2,2
False,juurdekasv,2,2
False,juurdekuuluv,2,2
False,juurdepääs,2,2
False,kaadamine,2,2
False,kaastootmine,2,2
False,kahjulik,2,2
False,kaitsmine,2,2
False,kalandus,2,2
False,kalanduskoostöö,2,2
False,kalapüük,2,2
False,kapital,2,2
False,karistamine,2,2
False,kasahstani,2,2
False,kasum,2,2
False,kaubamärgiõigus,2,2
False,kaubandusasi,2,2
False,kaubandusorganisatsioon,2,2
False,keelustav,2,2
False,keemiarelv,2,2
False,kehtetu,2,2
False,kehtiv,2,2
False,keskkonnaasi,2,2
False,keskkonnajuhtimissüsteem,2,2
False,keskkonnaseadustik,2,2
False,keskkonnaseire,2,2
False,keskregister,2,2
False,kindlaksmääramine,2,2
False,kindlustusperiood,2,2
False,kirik,2,2
False,klassifikatsioon,2,2
False,kodakondsus,2,2
False,kodanikualgatus,2,2
False,kogudus,2,2
False,kogumine,2,2
False,kohanimeseadus,2,2
False,kohtunik,2,2
False,kokkupuutepunkt,2,2
False,kompleksne,2,2
False,konfiskeerimine,2,2
False,konsulaarkonventsioon,2,2
False,kontrollimine,2,2
False,koostöökokkulepe,2,2
False,koostööriik,2,2
False,korrarikkumine,2,2
False,krediidiandja,2,2
False,kriisilahendusfond,2,2
False,kriisilahendusfont,2,2
False,kriminaaltulu,2,2
False,kunstiteos,2,2
False,kättesaadavus,2,2
False,laen,2,2
False,liitlasvägi,2,2
False,likvideerimine,2,2
False,lissaboni,2,2
False,loom,2,2
False,loomastik,2,2
False,loomne,2,2
False,lähteaine,2,2
False,maareform,2,2
False,majandus,2,2
False,majandusvöönd,2,2
False,majandusühendus,2,2
False,makedoonia,2,2
False,maksumus,2,2
False,maksustamine,2,2
False,mandrilava,2,2
False,merereostus,2,2
False,mereteenistus,2,2
False,merevedu,2,2
False,mereväedivisjon,2,2
False,merinõue,2,2
False,meteoroloogiasatelliit,2,2
False,mikroorganism,2,2
False,mill,2,2
False,molekulaarbioloogia,2,2
False,montenegro,2,2
False,muudetu,2,2
False,muudetud,2,2
False,muuseumiseadus,2,2
False,märk,2,2
False,mõjutusvahend,2,2
False,mõni,2,2
False,müük,2,2
False,nagoya,2,2
False,narva,2,2
False,nimel,2,2
False,nimi,2,2
False,november,2,2
False,nõudev,2,2
False,ohver,2,2
False,ole,2,2
False,olev,2,2
False,olnu,2,2
False,olnud,2,2
False,osalisriik,2,2
False,osamakse,2,2
False,otsustamine,2,2
False,paigutamine,2,2
False,pankrotivara,2,2
False,paranda,2,2
False,parandamine,2,2
False,parandatu,2,2
False,parandatud,2,2
False,parlamentaarne,2,2
False,pealtvaataja,2,2
False,perekond,2,2
False,perelepitusteenus,2,2
False,pidamine,2,2
False,piinamine,2,2
False,planeerimis,2,2
False,poole,2,2
False,protseduur,2,2
False,punkt,2,2
False,pädevus,2,2
False,põhinev,2,2
False,püsiasustus,2,2
False,püsiplatvorm,2,2
False,raadiosidebüroo,2,2
False,rahu,2,2
False,rahvusraamatukogu,2,2
False,rajatis,2,2
False,rakenduskokkulepe,2,2
False,regioon,2,2
False,reguleeriv,2,2
False,rekonstruktsioon,2,2
False,ressurss,2,2
False,rikkuv,2,2
False,ringhäälinguseadus,2,2
False,room,2,2
False,rooma,2,2
False,ränne,2,2
False,saadav,2,2
False,saadus,2,2
False,saastus,2,2
False,saneerimisseadus,2,2
False,seisukord,2,2
False,seonduv,2,2
False,september,2,2
False,serbia,2,2
False,sisekokkulepe,2,2
False,skeem,2,2
False,sooline,2,2
False,sotsiaalkindlustusskeem,2,2
False,sotsiaalmaks,2,2
False,sotsiaalne,2,2
False,sotsialistlik,2,2
False,spordiüritus,2,2
False,staap,2,2
False,stabiilsusmehhanism,2,2
False,stabiliseerimisjõud,2,2
False,statistika,2,2
False,sundvõõrandamine,2,2
False,surmanuhtlus,2,2
False,suunamine,2,2
False,süsi,2,2
False,taastamine,2,2
False,tagatisfond,2,2
False,tai,2,2
False,tall,2,2
False,tallinna,2,2
False,taotlus,2,2
False,teabevahetus,2,2
False,teataja,2,2
False,teenetemärk,2,2
False,tegemine,2,2
False,tehniline,2,2
False,tehnoloogiakoostöö,2,2
False,tehtu,2,2
False,tehtud,2,2
False,teineteisemõistmine,2,2
False,tekita,2,2
False,tekitatu,2,2
False,tekitatud,2,2
False,terasekoondis,2,2
False,terviseorganisatsioon,2,2
False,toitjakaotushüvitis,2,2
False,tollitariifiseadus,2,2
False,tsiviilmissioon,2,2
False,turism,2,2
False,tuumaavarii,2,2
False,tuumamaterjal,2,2
False,tähtaeg,2,2
False,täienda,2,2
False,täiendamine,2,2
False,täiendatu,2,2
False,täiendatud,2,2
False,tõendamine,2,2
False,tõhustamine,2,2
False,tööstusdisainilahendus,2,2
False,tööstusheide,2,2
False,tööstusheit,2,2
False,töötüli,2,2
False,töövaidlus,2,2
False,usaldusisik,2,2
False,uus,2,2
False,vabadus,2,2
False,vabakaubandus,2,2
False,vahendaja,2,2
False,vahetamine,2,2
False,vajalik,2,2
False,valitsustevaheline,2,2
False,valmisolek,2,2
False,vanadus,2,2
False,vandetõlk,2,2
False,vastamine,2,2
False,vietnami,2,2
False,vii,2,2
False,viini,2,2
False,vorm,2,2
False,vähemusrahvus,2,2
False,väikesaar,2,2
False,välislaen,2,2
False,välistamine,2,2
False,väljateenitud,2,2
False,väljaviimine,2,2
False,võitlus,2,2
False,võrdne,2,2
False,võrdõiguslikkus,2,2
False,Ülikool-Instituut,2,2
False,õiguskorraldus,2,2
False,üheaastane,2,2
False,ühendemiraat,2,2
False,ühiskasutus,2,2
False,ühistransiit,2,2
False,ühistu,2,2
False,ülalpidamiskohustus,2,2
False,üldsus,2,2
False,ülekandmine,2,2
False,ülemeremaa,2,2
False,ülemjuhataja,2,2
False,ülemnõukogu,2,2
False,üleühenduseline,2,2
False,ülikool,2,2
True,algatus,2,2
True,andja,2,2
True,andme,2,2
True,arhiivi,2,2
True,arvele,2,2
True,arvesse,2,2
True,asustus,2,2
True,audio,2,2
True,aus,2,2
True,baas,2,2
True,dis,2,2
True,disaini,2,2
True,divisjon,2,2
True,ealine,2,2
True,eksemplar,2,2
True,emiraat,2,2
True,erakonna,2,2
True,etendus,2,2
True,fakultatiiv,2,2
True,filmi,2,2
True,finantseerimis,2,2
True,heide,2,2
True,hüdro,2,2
True,inimlik,2,2
True,jalg,2,2
True,jaotus,2,2
True,juhataja,2,2
True,kandmine,2,2
True,kaotus,2,2
True,kassa,2,2
True,kasv,2,2
True,keemia,2,2
True,kindlaks,2,2
True,kodaniku,2,2
True,koha,2,2
True,konstruktsioon,2,2
True,kool-Instituut,2,2
True,krimineerimine,2,2
True,lava,2,2
True,liitlas,2,2
True,lind,2,2
True,läbi,2,2
True,lähte,2,2
True,mandri,2,2
True,meditsiin,2,2
True,meteoroloogia,2,2
True,miinimum,2,2
True,molekulaar,2,2
True,mootor,2,2
True,muuseumi,2,2
True,mõjutus,2,2
True,nuhtlus,2,2
True,objekt,2,2
True,osalis,2,2
True,palli,2,2
True,pangas,2,2
True,pealt,2,2
True,platvorm,2,2
True,puute,2,2
True,pääs,2,2
True,püük,2,2
True,raadio,2,2
True,raske,2,2
True,rendi,2,2
True,rühm,2,2
True,saadavus,2,2
True,saneerimis,2,2
True,sunni,2,2
True,sõiduk,2,2
True,tariifi,2,2
True,teenete,2,2
True,teenitud,2,2
True,teise,2,2
True,terase,2,2
True,toitja,2,2
True,tootja,2,2
True,tõhusus,2,2
True,tõlk,2,2
True,tüli,2,2
True,uurimis,2,2
True,uuring,2,2
True,vaataja,2,2
True,valitsuste,2,2
True,valmis,2,2
True,vande,2,2
True,viisa,2,2
True,visuaal,2,2
True,vähemus,2,2
True,väike,2,2
True,väärikus,2,2
True,võistlus,2,2
True,vöönd,2,2
True,Üli,2,2
True,ära,2,2
True,õiguslikkus,2,2
True,õnnetus,2,2
True,ühe,2,2
True,ühenduseline,2,2
True,ümber,2,2
True,üritus,2,2
False,Basel,2,1
False,CERN,2,1
False,Nefco,2,1
False,abinõu,2,1
False,ametnik,2,1
False,arv,2,1
False,baseli,2,1
False,finantsmehhanism,2,1
False,hooldusõigus,2,1
False,kalavaru,2,1
False,naftareostus,2,1
False,naine,2,1
False,pagulasseisund,2,1
False,patendikohus,2,1
False,põllumajandusprotokoll,2,1
False,rai,2,1
False,seksuaalne,2,1
False,sobimatu,2,1
False,tingimine,2,1
False,tingimisi,2,1
False,täievoliline,2,1
False,ülemjuhatus,2,1
True,juhatus,2,1
True,ministeerium,2,1
True,pagulas,2,1
True,seisund,2,1
True,slaavia,2,1
True,tagastamis,2,1
True,täie,2,1
True,voliline,2,1
False,AKV-EL,1,1
False,Aafrika,1,1
False,Abeba,1,1
False,Abidjan,1,1
False,Addis,1,1
False,Antarktika,1,1
False,Armeenia,1,1
False,Aserbaidžaan,1,1
False,Ateena,1,1
False,Bahrein,1,1
False,Baltic,1,1
False,Baltica,1,1
False,Banque,1,1
False,Belgia-Luksemburg,1,1
False,Belt,1,1
False,Belti,1,1
False,Beltide,1,1
False,Beltides,1,1
False,Bern,1,1
False,Bosnia,1,1
False,Budapest,1,1
False,CARIFORUM,1,1
False,CETA,1,1
False,Cooperative,1,1
False,Corporation,1,1
False,Credi,1,1
False,Credit,1,1
False,Doha,1,1
False,E,1,1
False,E-identimine,1,1
False,E-raha,1,1
False,EMEP,1,1
False,EMÜ,1,1
False,ETKR,1,1
False,EUROCONTROL,1,1
False,EVR,1,1
False,Eesti-Vene,1,1
False,Ekspordi-Impordipank,1,1
False,Eksportfinans,1,1
False,Enamsoodustusrežiim,1,1
False,Environment,1,1
False,Estpla,1,1
False,Euraasia,1,1
False,Eurimage,1,1
False,Eurimages,1,1
False,Eurocontrol,1,1
False,Eurocontroli,1,1
False,Eurofish,1,1
False,Europol,1,1
False,Europoli,1,1
False,Export,1,1
False,Exportkredit,1,1
False,Exportkrediti,1,1
False,Exportkreditt,1,1
False,Fatca,1,1
False,Finance,1,1
False,Finnish,1,1
False,Guernsey,1,1
False,HNS-konventsioon,1,1
False,Hertsegoviina,1,1
False,I,1,1
False,III,1,1
False,IMI,1,1
False,IT-süsteem,1,1
False,Ida-Petserimaa,1,1
False,Iisrael,1,1
False,Industrie,1,1
False,Industries,1,1
False,Inta,1,1
False,International,1,1
False,Ire,1,1
False,Irena,1,1
False,Jersey,1,1
False,Jugoslaavia,1,1
False,Kariibi,1,1
False,Kaubandus-Tööstuskoda,1,1
False,Kesk-Euroopa,1,1
False,Kopenhaagen,1,1
False,Korea,1,1
False,Kosovo,1,1
False,Kuala,1,1
False,Kura,1,1
False,Ladina-Ameerika,1,1
False,Liibanon,1,1
False,Liivi,1,1
False,Locarno,1,1
False,London,1,1
False,Lumpur,1,1
False,Lõuna-Aafrika,1,1
False,Madrid,1,1
False,Man,1,1
False,Maroko,1,1
False,Marrakeš,1,1
False,Marrakeši,1,1
False,Marube,1,1
False,Maruben,1,1
False,Marubeni,1,1
False,Mauritius,1,1
False,Mehhiko,1,1
False,Nairobi,1,1
False,Nizza,1,1
False,Norbatt,1,1
False,Nordic,1,1
False,PCT,1,1
False,PECA,1,1
False,Paldiski,1,1
False,Paribas,1,1
False,Peking,1,1
False,Põhja-Makedoonia,1,1
False,Rotterdam,1,1
False,SCE,1,1
False,SE,1,1
False,SOS-Kinderdorf,1,1
False,SOS-lasteküla,1,1
False,Strasbourg,1,1
False,Support,1,1
False,Taas-Israel,1,1
False,Tadžikistan,1,1
False,Tartu,1,1
False,Türkmenistan,1,1
False,Unesco,1,1
False,Unif,1,1
False,Unifi,1,1
False,Uruguay,1,1
False,Usbekistan,1,1
False,Uus-Meremaa,1,1
False,Vara,1,1
False,Varssavi,1,1
False,Venemaa,1,1
False,Virumaa,1,1
False,WHO,1,1
False,WIPO,1,1
False,XI,1,1
False,a,1,1
False,aafrika,1,1
False,abielulahutus,1,1
False,abistamine,1,1
False,agentuur,1,1
False,aiandus,1,1
False,aiandustoode,1,1
False,akadeemia,1,1
False,alammäär,1,1
False,alaneja,1,1
False,alkoholiaktsiis,1,1
False,allakirjutamine,1,1
False,altkäemaks,1,1
False,amet,1,1
False,ametiisik,1,1
False,ametlik,1,1
False,and,1,1
False,andmed,1,1
False,antav,1,1
False,antu,1,1
False,antud,1,1
False,apellatsioon,1,1
False,arbitraaž,1,1
False,arbitraažikohus,1,1
False,arendus,1,1
False,arendusstaap,1,1
False,arenguassotsiatsioon,1,1
False,arengufond,1,1
False,arenguseire,1,1
False,arheoloogiapärand,1,1
False,arhitektuuripärand,1,1
False,armeenia,1,1
False,arstiteadus,1,1
False,arva,1,1
False,arvatu,1,1
False,arvatud,1,1
False,arveldussüsteem,1,1
False,arvesta,1,1
False,arvutikuritegevusvastane,1,1
False,asendamine,1,1
False,asendustäitmine,1,1
False,aserbaidžaani,1,1
False,aspekt,1,1
False,assotsieeru,1,1
False,assotsieerunu,1,1
False,assotsieerunud,1,1
False,asumine,1,1
False,asuta,1,1
False,asutamiskokkulepe,1,1
False,asutatu,1,1
False,asutatud,1,1
False,asuv,1,1
False,ateena,1,1
False,audiovisuaalkoostöö,1,1
False,audiovisuaalteos,1,1
False,ava,1,1
False,avalikustamine,1,1
False,avariiolukord,1,1
False,avatu,1,1
False,avatud,1,1
False,ballastvesi,1,1
False,berni,1,1
False,bioloogia,1,1
False,bioohutus,1,1
False,bosnia,1,1
False,budapesti,1,1
False,c,1,1
False,deponeerimine,1,1
False,digitaalallkiri,1,1
False,distsiplinaarseadus,1,1
False,dopinguvastane,1,1
False,dumpinguvastane,1,1
False,e-tehing,1,1
False,ebaseaduslikult,1,1
False,edasine,1,1
False,edendamine,1,1
False,eelkõige,1,1
False,eelne,1,1
False,eemaldamine,1,1
False,eesmärk,1,1
False,eesõigusta,1,1
False,eesõigustatu,1,1
False,eesõigustatud,1,1
False,elamu,1,1
False,elamuseadus,1,1
False,elatisabi,1,1
False,elektersideliit,1,1
False,elluviimine,1,1
False,elupaik,1,1
False,elusressurss,1,1
False,embleem,1,1
False,embrüokaitse,1,1
False,energiakasutus,1,1
False,energiamajandus,1,1
False,energiaprogramm,1,1
False,energiaseadus,1,1
False,enne,1,1
False,ennistamine,1,1
False,erapooletu,1,1
False,erastamisseadus,1,1
False,erihalduspiirkond,1,1
False,erikohustus,1,1
False,eriolukord,1,1
False,eriorganisatsioon,1,1
False,eriti,1,1
False,ese,1,1
False,esindav,1,1
False,esitaja,1,1
False,esitus,1,1
False,etalonkujutis,1,1
False,ettevõtja,1,1
False,ettevõtlustulu,1,1
False,euraasia,1,1
False,eutrofeerumine,1,1
False,farmakopöa,1,1
False,film,1,1
False,finantseerimine,1,1
False,finantshuvi,1,1
False,finantsjuhtimine,1,1
False,finantskriis,1,1
False,finantsleping,1,1
False,finantsraamistik,1,1
False,firma,1,1
False,fonogramm,1,1
False,fonogrammileping,1,1
False,formeerimine,1,1
False,füüsika,1,1
False,gaas,1,1
False,geograafiline,1,1
False,haigekassa,1,1
False,haldusabi,1,1
False,haldusasi,1,1
False,haldusmenetlus,1,1
False,haldusõiguserikkumine,1,1
False,hapestumine,1,1
False,heanaaberlikkus,1,1
False,heitkogus,1,1
False,hinnaseadus,1,1
False,hoiu-laenuühistu,1,1
False,hukkumine,1,1
False,huvi,1,1
False,huvialakool,1,1
False,huvikool,1,1
False,hõlbustamine,1,1
False,hõlma,1,1
False,hüvitusfond,1,1
False,ida,1,1
False,iga,1,1
False,igasugune,1,1
False,iisraeli,1,1
False,ilmaennustus,1,1
False,individuaalne,1,1
False,infosüsteem,1,1
False,infotehnoloogia,1,1
False,infoühiskond,1,1
False,inimelu,1,1
False,inimelund,1,1
False,inimgeeniuuring,1,1
False,inimkaubandusvastane,1,1
False,inimväärik,1,1
False,instituut,1,1
False,intressidealane,1,1
False,investeerimisleping,1,1
False,isemajandamine,1,1
False,isiklik,1,1
False,jagu,1,1
False,jahikorraldus,1,1
False,jalaväemiin,1,1
False,jaoks,1,1
False,jaotamine,1,1
False,jugoslaavia,1,1
False,juhtimine,1,1
False,julgeolek,1,1
False,julgeolekuorgan,1,1
False,julm,1,1
False,jää,1,1
False,jäänu,1,1
False,jäänud,1,1
False,jõgi,1,1
False,kaabelleviseadus,1,1
False,kaasomand,1,1
False,kadu,1,1
False,kadunu,1,1
False,kadunud,1,1
False,kaevandus,1,1
False,kahandamine,1,1
False,kahepoolne,1,1
False,kaitsekoostöö,1,1
False,kaitsev,1,1
False,kaitstav,1,1
False,kala,1,1
False,kalandustoode,1,1
False,kalandustöö,1,1
False,kallas,1,1
False,kalmistuseadus,1,1
False,kantav,1,1
False,kapitalimaksumus,1,1
False,kariib,1,1
False,kariibi,1,1
False,kassatsioon,1,1
False,kasuta,1,1
False,kasutatu,1,1
False,kasutatud,1,1
False,kasutusvaldus,1,1
False,katkestamine,1,1
False,kattumisvastane,1,1
False,kaubandusalane,1,1
False,kaubandusleping,1,1
False,kaubandussäte,1,1
False,kaubandustava,1,1
False,kaubandustõke,1,1
False,kaubavahetus,1,1
False,kaubitsemine,1,1
False,keelav,1,1
False,keeld,1,1
False,keemiline,1,1
False,kehtesta,1,1
False,kehtivus,1,1
False,kemikaal,1,1
False,keskkonnaagentuur,1,1
False,keskkonnaauditeerimine,1,1
False,keskkonnahoidlik,1,1
False,keskkonnainvesteering,1,1
False,keskkonnajärelevalve,1,1
False,keskkonnakaitseküsimus,1,1
False,keskkonnakasutus,1,1
False,keskkonnaregister,1,1
False,keskkonnavaatlusvõrk,1,1
False,keskmine,1,1
False,keskne,1,1
False,keskpikk,1,1
False,keskus,1,1
False,kiirguslik,1,1
False,kindlustamine,1,1
False,kindlustusseadus,1,1
False,kinnisomand,1,1
False,kirgiis,1,1
False,kiri,1,1
False,kirjandus,1,1
False,kloonimine,1,1
False,kodukord,1,1
False,kogu,1,1
False,kohalda,1,1
False,kohtukaasistuja,1,1
False,kohtuotsus,1,1
False,kohtuväliselt,1,1
False,kohustusperiood,1,1
False,kokku,1,1
False,kollektiivleping,1,1
False,kommunikatsioonibüroo,1,1
False,kompanii,1,1
False,konkurents,1,1
False,kontrollsüsteem,1,1
False,koolieelne,1,1
False,koondloend,1,1
False,kooperatiivne,1,1
False,koordineerimine,1,1
False,kooselu,1,1
False,kooseluseadus,1,1
False,koosolek,1,1
False,koosta,1,1
False,koostamine,1,1
False,koostatu,1,1
False,koostatud,1,1
False,koostööprogramm,1,1
False,kopenhaageni,1,1
False,korda,1,1
False,korea,1,1
False,korporatsioon,1,1
False,korrigeerimine,1,1
False,korter,1,1
False,korteriomandiseadus,1,1
False,korteriühing,1,1
False,krediidileping,1,1
False,krediteerimine,1,1
False,kriminaalkaristus,1,1
False,kriminaalkohtumenetlus,1,1
False,kriminaalkoodeks,1,1
False,kriminaalvastutus,1,1
False,kroon,1,1
False,krooni,1,1
False,kruntrendimaa,1,1
False,kultuuriautonoomia,1,1
False,kultuuripreemia,1,1
False,kultuuripärand,1,1
False,kultuuristipendium,1,1
False,kultuurivaldkond,1,1
False,kultuurkapital,1,1
False,kunstiakadeemia,1,1
False,kunstlik,1,1
False,kura,1,1
False,kuritarvitamine,1,1
False,kuriteoohver,1,1
False,kurjategija,1,1
False,kurk,1,1
False,kustutamine,1,1
False,kutsealane,1,1
False,kuues,1,1
False,käigus,1,1
False,käik,1,1
False,käitumiskontroll,1,1
False,käsitle,1,1
False,kätteandmine,1,1
False,kõik,1,1
False,kõrgharidus,1,1
False,kõrgharidusseadus,1,1
False,kõrgharidustunnistus,1,1
False,küberturvalisus,1,1
False,kütuseaktsiis,1,1
False,laadungimärk,1,1
False,laboratoorium,1,1
False,laenuraamleping,1,1
False,laevavrakk,1,1
False,lahe,1,1
False,laiaulatuslik,1,1
False,laovaru,1,1
False,lapsendamine,1,1
False,lapserööv,1,1
False,lasteasutus,1,1
False,lastekaitse,1,1
False,lasteprostitutsioon,1,1
False,legaliseerimine,1,1
False,lennuamet,1,1
False,lennunduspiirkond,1,1
False,lennutransiit,1,1
False,lepe,1,1
False,lepinguline,1,1
False,lepinguväline,1,1
False,lepitusseadus,1,1
False,levitamine,1,1
False,ligipääsetavus,1,1
False,lihtsustamine,1,1
False,liidus,1,1
False,liik,1,1
False,liitu,1,1
False,liitunu,1,1
False,liitunud,1,1
False,linnakohus,1,1
False,lipp,1,1
False,lisakokkulepe,1,1
False,lisatav,1,1
False,lisatu,1,1
False,lisatud,1,1
False,loata,1,1
False,loendus,1,1
False,londoni,1,1
False,loo,1,1
False,loodeosa,1,1
False,loodu,1,1
False,loodud,1,1
False,loodus,1,1
False,looduslik,1,1
False,loodusobjekt,1,1
False,loteriiseadus,1,1
False,luba,1,1
False,luga,1,1
False,luure,1,1
False,luureorgan,1,1
False,läbiviimine,1,1
False,lämmatav,1,1
False,läänemeremaa,1,1
False,lõhkeaine,1,1
False,maa-ala,1,1
False,maa-alune,1,1
False,maakorraldusseadus,1,1
False,maal,1,1
False,maaülikool,1,1
False,madridi,1,1
False,majandamine,1,1
False,majandushuviühing,1,1
False,majanduskoostöö,1,1
False,majanduslik,1,1
False,majanduspartnerlusleping,1,1
False,majandusunioon,1,1
False,majutamine,1,1
False,makse,1,1
False,maksejõuetus,1,1
False,makseleping,1,1
False,maksualane,1,1
False,maksuasi,1,1
False,maksubaas,1,1
False,maksukuulekus,1,1
False,maksuleping,1,1
False,maroko,1,1
False,marsruut,1,1
False,marsruuti,1,1
False,massirepressioon,1,1
False,materjal,1,1
False,matusetoetus,1,1
False,mauritiuse,1,1
False,meditsiiniabi,1,1
False,meede,1,1
False,mees,1,1
False,meetrikonventsioon,1,1
False,mehhiko,1,1
False,menetlus,1,1
False,mereala,1,1
False,merehüpoteek,1,1
False,mereliiklus,1,1
False,meremees,1,1
False,mereotsing,1,1
False,merepiir,1,1
False,merepääste,1,1
False,mereuurimine,1,1
False,merevõlg,1,1
False,meri,1,1
False,merivõlg,1,1
False,mesi,1,1
False,metsainstituut,1,1
False,migratsiooniorganisatsioon,1,1
False,miinimumnõue,1,1
False,miinimumvaru,1,1
False,mikrolülitus,1,1
False,minister,1,1
False,missioon,1,1
False,mitteeluruum,1,1
False,mitteregulaarne,1,1
False,mittetariifne,1,1
False,mootorsõiduk,1,1
False,mootorsõidukiaktsiis,1,1
False,mure,1,1
False,muudatusprotokoll,1,1
False,muul,1,1
False,muusika,1,1
False,muutmisleping,1,1
False,märgala,1,1
False,märgukiri,1,1
False,märkimine,1,1
False,mõjutamine,1,1
False,mõtteline,1,1
False,mürgine,1,1
False,naftareostuskahi,1,1
False,naftareostuskahju,1,1
False,naistevastane,1,1
False,naistöötaja,1,1
False,nakkushaigus,1,1
False,narkootikum,1,1
False,navigatsioonitasu,1,1
False,neid,1,1
False,neljas,1,1
False,nimetus,1,1
False,noortevahetus,1,1
False,norm,1,1
False,normi,1,1
False,näitus,1,1
False,nõu,1,1
False,nõusolek,1,1
False,obrokimaa,1,1
False,ohusta,1,1
False,ohustatu,1,1
False,ohustatud,1,1
False,oktoober,1,1
False,okupeeri,1,1
False,okupeerinu,1,1
False,okupeerinud,1,1
False,olemine,1,1
False,olukord,1,1
False,omanda,1,1
False,omandatu,1,1
False,omandatud,1,1
False,omandireform,1,1
False,omandiõigus,1,1
False,ookean,1,1
False,operatiivjuhtimine,1,1
False,operatiivne,1,1
False,operatsioon,1,1
False,orgaaniline,1,1
False,ostetav,1,1
False,ostu-müük,1,1
False,osutamine,1,1
False,pagas,1,1
False,pagulane,1,1
False,paigutus,1,1
False,paiknev,1,1
False,pakendiaktsiis,1,1
False,pakt,1,1
False,paldiski,1,1
False,palgaseadus,1,1
False,paljundusmaterjal,1,1
False,palk,1,1
False,pandikirjaseadus,1,1
False,pant,1,1
False,pantvangivõtmine,1,1
False,panus,1,1
False,paragrahv,1,1
False,partnerlusleping,1,1
False,patendiekspertiis,1,1
False,patendiklassifikatsioon,1,1
False,patendikoostööleping,1,1
False,patendivolinik,1,1
False,patendiõigus,1,1
False,pensioniline,1,1
False,pensionär,1,1
False,perevägivald,1,1
False,personal,1,1
False,pestitsiid,1,1
False,piiriala,1,1
False,piiritlemine,1,1
False,piirivalveseadus,1,1
False,piirivalveteenistus,1,1
False,piirkondlik,1,1
False,pikaajaline,1,1
False,pikendamine,1,1
False,pikk,1,1
False,plahvatusohtlik,1,1
False,plastiline,1,1
False,poliitiline,1,1
False,politseiamet,1,1
False,politseiseadus,1,1
False,politseiteenistus,1,1
False,pommiterrorism,1,1
False,pornograafia,1,1
False,projekt,1,1
False,proov,1,1
False,proovi,1,1
False,psühhiaatriline,1,1
False,puhk,1,1
False,puhkeaeg,1,1
False,puhkuseseadus,1,1
False,puhul,1,1
False,puit,1,1
False,punane,1,1
False,punkrikütusereostus,1,1
False,punkti,1,1
False,pääste,1,1
False,põhjaosa,1,1
False,põllumajandusloendus,1,1
False,põllumajandusläbirääkimine,1,1
False,põllumajandusreform,1,1
False,põllumajandussaadus,1,1
False,püha,1,1
False,pühade,1,1
False,püsimine,1,1
False,püsiv,1,1
False,raamatupidamisandmed,1,1
False,raamleping,1,1
False,radioaktiivne,1,1
False,rahaliit,1,1
False,rahaseadus,1,1
False,rahaühik,1,1
False,rahumeelne,1,1
False,rahuvalveüksus,1,1
False,rahvaraamatukogu,1,1
False,rahvastik,1,1
False,rahvusooper,1,1
False,rajamine,1,1
False,rajanev,1,1
False,rand,1,1
False,rasedus,1,1
False,raskemetall,1,1
False,raskeveokimaks,1,1
False,raskmetall,1,1
False,rassiline,1,1
False,raudtee,1,1
False,raudteeühendus,1,1
False,ravikindlustusseadus,1,1
False,reageerimine,1,1
False,redaktsioon,1,1
False,rehabiliteerimine,1,1
False,reisija,1,1
False,reisiparvlaev,1,1
False,reisipraamlaev,1,1
False,relvahankeleping,1,1
False,rendiseadus,1,1
False,reorganiseerimine,1,1
False,resolutsioon,1,1
False,restaureerimine,1,1
False,riigiettevõte,1,1
False,riigigarantii,1,1
False,riigikaitseline,1,1
False,riigikontrolör,1,1
False,riigireserv,1,1
False,riiklik-kooperatiivne,1,1
False,ringhäälinguorganisatsioon,1,1
False,ringlus,1,1
False,ringlussevõtt,1,1
False,rist,1,1
False,risti,1,1
False,rotterdami,1,1
False,ruumiandmed,1,1
False,ränd,1,1
False,rändveelind,1,1
False,rühmitus,1,1
False,saamine,1,1
False,saasteaine,1,1
False,saastetasu,1,1
False,saks,1,1
False,saksa,1,1
False,sarnanev,1,1
False,satelliitsideorganisatsioon,1,1
False,sead,1,1
False,sealviibimine,1,1
False,seeme,1,1
False,seire,1,1
False,selgitustaotlus,1,1
False,selts,1,1
False,seonduvalt,1,1
False,seos,1,1
False,seoses,1,1
False,sete,1,1
False,sideministeerium,1,1
False,siseturvalisuspoliitika,1,1
False,sissenõudmiskulu,1,1
False,soodustingimus,1,1
False,soodustus,1,1
False,soorita,1,1
False,sooritatu,1,1
False,sooritatud,1,1
False,sordikaitseseadus,1,1
False,sotsiaal,1,1
False,sotsiaalareng,1,1
False,sotsiaalharta,1,1
False,sotsiaalkindlustus,1,1
False,sotsiaalkindlustuskoodeks,1,1
False,sotsiaalobjekt,1,1
False,sotsiaalseadustik,1,1
False,staadium,1,1
False,stabiilsus,1,1
False,stabiliseerimis,1,1
False,standard,1,1
False,standardi,1,1
False,standart,1,1
False,steriliseerimine,1,1
False,sugulane,1,1
False,suletu,1,1
False,suletud,1,1
False,sulge,1,1
False,sundeksemplar,1,1
False,sundkoormis,1,1
False,sundvõõranda,1,1
False,sundvõõrandatu,1,1
False,sundvõõrandatud,1,1
False,sunniraha,1,1
False,sunniviisiline,1,1
False,sure,1,1
False,surnu,1,1
False,surnud,1,1
False,surve,1,1
False,suuremahuline,1,1
False,suurõnnetus,1,1
False,suvilakooperatiiv,1,1
False,säilituseksemplar,1,1
False,säte,1,1
False,säästev,1,1
False,sõbralik,1,1
False,sõda,1,1
False,sõjaaeg,1,1
False,sõjahaud,1,1
False,sõjajäänus,1,1
False,sõjaväebaas,1,1
False,sõltumatu,1,1
False,sümboolika,1,1
False,süsteem,1,1
False,süvamerepõhi,1,1
False,süüdimõistetu,1,1
False,süümevanne,1,1
False,süüteomenetlus,1,1
False,taasriigistamine,1,1
False,taastuvenergia,1,1
False,tadžikistani,1,1
False,taevas,1,1
False,tagastamatu,1,1
False,tagastamisnõu,1,1
False,tagastamisnõue,1,1
False,tagatis,1,1
False,tagune,1,1
False,taimekaitsekonventsioon,1,1
False,taimekaitseorganisatsioon,1,1
False,taimesort,1,1
False,taimestik,1,1
False,taimne,1,1
False,takistamine,1,1
False,talitus,1,1
False,taluseadus,1,1
False,taotlemine,1,1
False,tarbimine,1,1
False,tarneahel,1,1
False,tartu,1,1
False,tarvitamine,1,1
False,tasustamine,1,1
False,teabekaitse,1,1
False,tead,1,1
False,teadlane,1,1
False,teadmata,1,1
False,teatamine,1,1
False,teatriakadeemia,1,1
False,tee,1,1
False,teel,1,1
False,teenistuses,1,1
False,teenustekaubandus,1,1
False,tegutse,1,1
False,tegutsenu,1,1
False,tegutsenud,1,1
False,tehing,1,1
False,tehnikaülikool,1,1
False,tehtav,1,1
False,teinu,1,1
False,teinud,1,1
False,teistkordne,1,1
False,tekki,1,1
False,tekkinu,1,1
False,tekkinud,1,1
False,tekkiv,1,1
False,telekommunikatsioonibüroo,1,1
False,televisioon,1,1
False,tellimine,1,1
False,teostatav,1,1
False,teostav,1,1
False,teraviljaseadus,1,1
False,territoriaalne,1,1
False,tervikvara,1,1
False,tervis,1,1
False,tervisekassa,1,1
False,testamendiregister,1,1
False,testament,1,1
False,toetusfond,1,1
False,toit,1,1
False,toksiinrelv,1,1
False,tollialane,1,1
False,tolliasutus,1,1
False,tollikoostöö,1,1
False,tollimaks,1,1
False,tollimaksuvabastus,1,1
False,tolliseadustik,1,1
False,tollitariif,1,1
False,tollivormistus,1,1
False,tolliväärtus,1,1
False,tootmiskoondis,1,1
False,topoloogia,1,1
False,transiit,1,1
False,transpordiministeerium,1,1
False,troopiline,1,1
False,troposfääriosoon,1,1
False,tsiviilkoodeks,1,1
False,tsiviilõigus,1,1
False,tsiviilõiguslik,1,1
False,tubakaaktsiis,1,1
False,tule,1,1
False,tulnu,1,1
False,tulnud,1,1
False,tunnistus,1,1
False,tunnusmärk,1,1
False,turismiviisa,1,1
False,turvalisus,1,1
False,turvateenistus,1,1
False,tuumakahjustus,1,1
False,tuumakütus,1,1
False,tuumaohutus,1,1
False,tuumarelvakatsetus,1,1
False,tuumauuring,1,1
False,tähine,1,1
False,tähis,1,1
False,tähtpäev,1,1
False,tähtsus,1,1
False,täideviimine,1,1
False,täiendus,1,1
False,täitu,1,1
False,täitunu,1,1
False,täitunud,1,1
False,täiustamine,1,1
False,täpsustamine,1,1
False,tõend,1,1
False,tõlgendamine,1,1
False,tõrje,1,1
False,tõsteseade,1,1
False,tõuaretus,1,1
False,tööhõivepoliitika,1,1
False,tööjõud,1,1
False,töölevõetav,1,1
False,tööstus,1,1
False,tööstusdisain,1,1
False,tööstuslik,1,1
False,tööstustoode,1,1
False,tööstusõnnetus,1,1
False,töötu,1,1
False,tühistamine,1,1
False,uruguay,1,1
False,usaldusteenus,1,1
False,usaldusväärsus,1,1
False,usbekistani,1,1
False,uuenda,1,1
False,uuendatu,1,1
False,uuendatud,1,1
False,uurimiskeskus,1,1
False,uurimiskomisjon,1,1
False,vabasta,1,1
False,vabastatu,1,1
False,vabastatud,1,1
False,vaenulik,1,1
False,vahekohus,1,1
False,vahekord,1,1
False,vahemeremaa,1,1
False,vahend,1,1
False,vaidlus,1,1
False,valdkond,1,1
False,valdus,1,1
False,valduses,1,1
False,valitsemine,1,1
False,vanaduspension,1,1
False,vanem,1,1
False,vanemahüvitis,1,1
False,vangistus,1,1
False,vanune,1,1
False,vanus,1,1
False,varaline,1,1
False,varssavi,1,1
False,varustus,1,1
False,vastast,1,1
False,vastav,1,1
False,vastavalt,1,1
False,vastavushindamine,1,1
False,vastuluureorgan,1,1
False,vastuvõttev,1,1
False,vedaja,1,1
False,vedelkütusevaru,1,1
False,vedu,1,1
False,veebruar,1,1
False,veelind,1,1
False,vend,1,1
False,venemaa,1,1
False,vereseadus,1,1
False,vesi,1,1
False,veterinaarjärelevalve,1,1
False,veterinaarseadus,1,1
False,viisakohustus,1,1
False,viivitamatu,1,1
False,viljastamine,1,1
False,voor,1,1
False,vägivallakuritegu,1,1
False,väin,1,1
False,väli,1,1
False,välisabi,1,1
False,välisinvesteering,1,1
False,välislaenuleping,1,1
False,välisleping,1,1
False,välja,1,1
False,väljaandmisleping,1,1
False,väljaanne,1,1
False,väljakuulutamine,1,1
False,väljaspool,1,1
False,väljatöötamine,1,1
False,väljaviidu,1,1
False,väljaviidud,1,1
False,väävel,1,1
False,võimaldav,1,1
False,võlakaitse,1,1
False,võlg,1,1
False,võrdväärne,1,1
False,võõrandamine,1,1
False,ärahoidmine,1,1
False,ärakasutamine,1,1
False,äri,1,1
False,äriline,1,1
False,ärisaladus,1,1
False,äritehing,1,1
False,äriühing,1,1
False,õde,1,1
False,õhusaasteaine,1,1
False,õhusõiduk,1,1
False,õiglane,1,1
False,õigsus,1,1
False,õigusakt,1,1
False,õigusinfo,1,1
False,õiguslik,1,1
False,õigusvastasus,1,1
False,öötöö,1,1
False,ühendkonventsioon,1,1
False,ühing,1,1
False,ühiskondlik,1,1
False,ühista,1,1
False,ühistatu,1,1
False,ühistatud,1,1
False,ühistugi,1,1
False,ühisõppus,1,1
False,ühtekuuluvus,1,1
False,ülalpidamine,1,1
False,üldine,1,1
False,üldleping,1,1
False,üleliigne,1,1
False,üleminekusäte,1,1
False,ülevõtmine,1,1
False,ümberkujundamine,1,1
False,ümberpaigutamine,1,1
False,üürivaidlus,1,1
True,Ekspordi-Impordi,1,1
True,Enamsoodustus,1,1
True,Ida-Petseri,1,1
True,Jugo,1,1
True,Kaubandus-Tööstus,1,1
True,SOS-laste,1,1
True,Uus-Mere,1,1
True,Vene,1,1
True,Viru,1,1
True,ahel,1,1
True,ajaline,1,1
True,aktiivne,1,1
True,alam,1,1
True,all,1,1
True,alt,1,1
True,andmis,1,1
True,anne,1,1
True,arbitraaži,1,1
True,arheoloogia,1,1
True,arhitektuuri,1,1
True,arsti,1,1
True,arveldus,1,1
True,arvuti,1,1
True,asendus,1,1
True,assotsiatsioon,1,1
True,auditeerimine,1,1
True,autonoomia,1,1
True,ballast,1,1
True,digitaal,1,1
True,disain,1,1
True,dopingu,1,1
True,dumpingu,1,1
True,ekspertiis,1,1
True,elatis,1,1
True,elekter,1,1
True,ellu,1,1
True,elus,1,1
True,embrüo,1,1
True,ennustus,1,1
True,erastamis,1,1
True,etalon,1,1
True,geeni,1,1
True,geo,1,1
True,gramm,1,1
True,haige,1,1
True,haigus,1,1
True,hanke,1,1
True,haud,1,1
True,hea,1,1
True,hinna,1,1
True,hoidlik,1,1
True,hoidmine,1,1
True,hoiu-laenu,1,1
True,hõive,1,1
True,hüpoteek,1,1
True,hüvitus,1,1
True,ilma,1,1
True,intresside,1,1
True,ise,1,1
True,istuja,1,1
True,jugo,1,1
True,jäänus,1,1
True,jõuetus,1,1
True,kaabel,1,1
True,kahe,1,1
True,kahjustus,1,1
True,kaitseline,1,1
True,kalmistu,1,1
True,katsetus,1,1
True,kattumis,1,1
True,kirja,1,1
True,kirjutamine,1,1
True,koda,1,1
True,kogus,1,1
True,kollektiiv,1,1
True,kontrolör,1,1
True,koond,1,1
True,kooperatiiv,1,1
True,koormis,1,1
True,kordne,1,1
True,kriis,1,1
True,krunt,1,1
True,kujundamine,1,1
True,kujutis,1,1
True,kulu,1,1
True,kurja,1,1
True,kuulekus,1,1
True,kuulutamine,1,1
True,kuuluvus,1,1
True,käe,1,1
True,käitumis,1,1
True,kõige,1,1
True,küber,1,1
True,küla,1,1
True,laadungi,1,1
True,lahutus,1,1
True,laia,1,1
True,lao,1,1
True,lapse,1,1
True,lepingu,1,1
True,ligi,1,1
True,liigne,1,1
True,loend,1,1
True,loode,1,1
True,loterii,1,1
True,lülitus,1,1
True,mahuline,1,1
True,massi,1,1
True,matuse,1,1
True,meelne,1,1
True,meetri,1,1
True,migratsiooni,1,1
True,miin,1,1
True,mineku,1,1
True,märg,1,1
True,märgu,1,1
True,määr,1,1
True,mõistetu,1,1
True,naaberlikkus,1,1
True,nais,1,1
True,naiste,1,1
True,nakkus,1,1
True,navigatsiooni,1,1
True,noorte,1,1
True,nõudmis,1,1
True,nõus,1,1
True,obroki,1,1
True,ooper,1,1
True,operatiiv,1,1
True,organiseerimine,1,1
True,osoon,1,1
True,otsing,1,1
True,paik,1,1
True,paljundus,1,1
True,parv,1,1
True,pika,1,1
True,plahvatus,1,1
True,pommi,1,1
True,pooletu,1,1
True,preemia,1,1
True,prostitutsioon,1,1
True,puhke,1,1
True,puhkuse,1,1
True,punkri,1,1
True,päev,1,1
True,pääsetavus,1,1
True,raamistik,1,1
True,radio,1,1
True,rask,1,1
True,regulaarne,1,1
True,repressioon,1,1
True,reserv,1,1
True,riigistamine,1,1
True,ringlusse,1,1
True,ruumi,1,1
True,rääkimine,1,1
True,rööv,1,1
True,seaduslikult,1,1
True,seal,1,1
True,selgitus,1,1
True,soodus,1,1
True,sort,1,1
True,stipendium,1,1
True,sugune,1,1
True,suure,1,1
True,suvila,1,1
True,säilitus,1,1
True,sõiduki,1,1
True,süva,1,1
True,süü,1,1
True,süüdi,1,1
True,süüme,1,1
True,taas,1,1
True,taastuv,1,1
True,talu,1,1
True,tariif,1,1
True,tariifne,1,1
True,tarne,1,1
True,teatri,1,1
True,teenuste,1,1
True,tegija,1,1
True,tegu,1,1
True,tehnika,1,1
True,teist,1,1
True,tera,1,1
True,tervik,1,1
True,testamendi,1,1
True,toksiin,1,1
True,tootmis,1,1
True,tropo,1,1
True,tugi,1,1
True,tunnus,1,1
True,täide,1,1
True,tõke,1,1
True,tõste,1,1
True,tõu,1,1
True,tööle,1,1
True,töötamine,1,1
True,ulatuslik,1,1
True,unioon,1,1
True,uurimine,1,1
True,vaatlus,1,1
True,vabastus,1,1
True,vanema,1,1
True,vangi,1,1
True,vanne,1,1
True,vastasus,1,1
True,veoki,1,1
True,vere,1,1
True,viibimine,1,1
True,viidu,1,1
True,viidud,1,1
True,viisiline,1,1
True,vilja,1,1
True,volinik,1,1
True,vormistus,1,1
True,vrakk,1,1
True,väliselt,1,1
True,väljas,1,1
True,väärik,1,1
True,väärne,1,1
True,väärsus,1,1
True,võetav,1,1
True,võte,1,1
True,võtja,1,1
True,võtt,1,1
True,võttev,1,1
True,õiguse,1,1
True,õigusta,1,1
True,õigustatu,1,1
True,õigustatud,1,1
True,õppus,1,1
True,öö,1,1
True,ühik,1,1
True,ühiskond,1,1
True,ühte,1,1
True,üüri,1,1
